timestamp,totalBorrowBalanceUSD,totalDepositBalanceUSD,totalValueLockedUSD
1639249209,2000,2503.737516944307219698613197150366,2503.737516944307219698613197150366
1639330266,2051.913124475142201923331495133442,2931.673195507879091702240626462667,2931.673195507879091702240626462667
1639439799,92211.16575473949078316916010178942,3940114.167741358280623628448372843,3940114.167741358280623628448372843
1639525243,1866259.935991985561144401993304952,13783215.76485057367678427568880975,13783215.76485057367678427568880975
1639612727,3517718.883512524697959571335396963,18330711.89992772116670715541797367,18330711.89992772116670715541797367
1639689866,4411938.298871153072969046869979775,21245694.39997371463801064813817792,21245694.39997371463801064813817792
1639784596,8680790.61324475766498327491292538,28765885.80489439352158056959640851,28765885.80489439352158056959640851
1639871394,9972302.122798136539798757132846612,30077400.62585090928809506692647937,30077400.62585090928809506692647937
1639948466,10024255.29077774687577585357700664,30144514.4766771525528748178322053,30144514.4766771525528748178322053
1640040227,10124922.12017159134078094369055009,32012354.9797729534917953311438514,32012354.9797729534917953311438514
1640125832,10393297.64661920613053407408306188,35281192.12642911846561691434820604,35281192.12642911846561691434820604
1640217496,10333298.39070409379468826996033716,33687607.16334339121414427119237043,33687607.16334339121414427119237043
1640297313,10761640.45307027962592991144145676,37131834.66037049507678289691786309,37131834.66037049507678289691786309
1640362159,10749787.384763891795494286636135,37187684.98996266817279804911670392,37187684.98996266817279804911670392
1640467776,10793919.97484799764335698326398996,38176689.49362410707514330613623781,38176689.49362410707514330613623781
1640560874,10849532.28189186296582606699156273,38330926.42680449189213143552658871,38330926.42680449189213143552658871
1640645349,11757183.77821957796183717273146927,39690681.45961932857652494464062121,39690681.45961932857652494464062121
1640723161,12053591.73772533061855223403554188,39901556.45136998770291202171238203,39901556.45136998770291202171238203
1640812295,12265495.54555674224294821481864828,39742621.02541673661146812649789046,39742621.02541673661146812649789046
1640905702,11959367.67304473024676196312629505,40455182.17040014118657563152488615,40455182.17040014118657563152488615
1640993644,11987604.72587093430785386839851126,40594955.18924499841960337700876437,40594955.18924499841960337700876437
1641078907,12432846.89672312584119911879508673,41230316.03693716491197676053615127,41230316.03693716491197676053615127
1641154534,12657972.21162086701484173904706835,41966581.76051815430315041292392156,41966581.76051815430315041292392156
1641219792,12527078.58329924139471348753842846,41710931.44944182183944091102943743,41710931.44944182183944091102943743
1641327164,12508490.6930417489878594103558451,43311874.51066571335029275731009327,43311874.51066571335029275731009327
1641425766,12490451.81734445154183016181686024,42756404.32877105929895772140652401,42756404.32877105929895772140652401
1641495285,12470305.70275908326813067462483416,42002539.3450591727053407764694523,42002539.3450591727053407764694523
1641589913,11938762.25789400304605019396396373,41472074.98972177010332059812558239,41472074.98972177010332059812558239
1641681256,11531208.205866794824535616393824,41074899.21269619524771711756669636,41074899.21269619524771711756669636
1641743096,11522103.85081125184514011041782996,41087049.1493547580180178596847173,41087049.1493547580180178596847173
1641857050,11496892.31041568708143568987713636,40500316.46861696694664954070011024,40500316.46861696694664954070011024
1641941868,10971788.4644725222434360947349104,40794043.74829580321594294753146055,40794043.74829580321594294753146055
1642030650,11169832.54274168534114452632644412,41346888.60275371156655460363728556,41346888.60275371156655460363728556
1642110360,11133119.47323632997742906579643835,42817446.1770169303089894111945832,42817446.1770169303089894111945832
1642203097,13177778.87128891214348242473725288,46014932.265860095080511727618169,46014932.265860095080511727618169
1642285821,13925827.82333408581084712807974548,47288777.63044720554903750737957509,47288777.63044720554903750737957509
1642375896,14129994.04749430857794319263332578,47749728.61104042157554603176641489,47749728.61104042157554603176641489
1642452174,13975166.73791973679943211624519257,46950961.8882982444880128041658485,46950961.8882982444880128041658485
1642545081,14178552.82606068021515136362909291,45775891.09520826740179784887210137,45775891.09520826740179784887210137
1642621167,14235491.18667502022895281991834114,44240875.47946218495504080325196348,44240875.47946218495504080325196348
1642718663,14246106.81761785666746206193200209,44542502.76108499526932151718623022,44542502.76108499526932151718623022
1642808738,13580732.51023996353731981605138395,40828505.47548438509425378008356137,40828505.47548438509425378008356137
1642874667,12723973.10224483541743961237668263,38724828.51746660211009671199651829,38724828.51746660211009671199651829
1642978410,12998205.43724420039898515943245456,40088018.08911509333604717493570682,40088018.08911509333604717493570682
1643064048,11423632.42667444387921705576969664,38825882.20733416171823090107266595,38825882.20733416171823090107266595
1643153949,13122928.53712404028534001328857714,41081983.80343479121685921733163375,41081983.80343479121685921733163375
1643201675,13051895.16052758059475711598544875,41300896.0460630430537536898262981,41300896.0460630430537536898262981
1643316811,12941727.92542503117170708629764892,41453747.49344997005194984107081401,41453747.49344997005194984107081401
1643414202,14850780.8917718573588119512343067,44163207.81146626538967276993982483,44163207.81146626538967276993982483
1643495533,12924859.68417030650887001690332811,43727818.46237159198268608277041832,43727818.46237159198268608277041832
1643576714,13662287.0602190223979189711279495,47389448.83487024669022228266366986,47389448.83487024669022228266366986
1643658266,15367146.65069182767302612008231783,49884629.41550755060810090564478214,49884629.41550755060810090564478214
1643756334,16066534.60279399470306221146861128,51910324.17994839432442343631644866,51910324.17994839432442343631644866
1643837997,16534918.55276520829252404367485293,52379342.87777585506223222616338465,52379342.87777585506223222616338465
1643910928,17802962.52045035142522267349442557,54036096.71346806464453059798690628,54036096.71346806464453059798690628
1644018050,24112915.51993360587212948217273202,64020322.03447352676198910603324805,64020322.03447352676198910603324805
1644105568,27708436.37858096866669837029633787,69457230.56887773052018952358655942,69457230.56887773052018952358655942
1644184236,27734090.91234659289828026281091112,69486952.2400256705632074584676705,69486952.2400256705632074584676705
1644274273,28050295.85319012419983121831309996,70684085.64560510790242207992099735,70684085.64560510790242207992099735
1644364085,29691213.50353126316386002435595711,73497526.55504750088134998581210358,73497526.55504750088134998581210358
1644434530,30920637.986033113489389542368063,77877512.70654491367844688860605956,77877512.70654491367844688860605956
1644524214,31283254.63595702696802052891834727,77879768.50821214207525061117781331,77879768.50821214207525061117781331
1644616489,30980539.86192571909512102459320372,82163377.10692493201726917217803667,82163377.10692493201726917217803667
1644710331,30250392.59470126958622261655378521,81977100.14400116825288825934617512,81977100.14400116825288825934617512
1644795668,30518995.5443706950992026136621884,82254565.7655082394833718636462439,82254565.7655082394833718636462439
1644867638,29004969.79770217888329213561193556,84566775.65915731746666527011234687,84566775.65915731746666527011234687
1644960869,29023500.85179331593713640230735965,85291730.545164559037104203819375,85291730.545164559037104203819375
1645054645,33065393.41894363777999647037744331,90796232.37910540596364092821218364,90796232.37910540596364092821218364
1645140948,36093587.05976353975408250986820676,102363103.0256615019241391889995685,102363103.0256615019241391889995685
1645228467,39370168.24997308246021789856341771,105826038.0304090079901579413215892,105826038.0304090079901579413215892
1645312125,40257203.82699165750377354425593615,106721087.9796617260906080105593029,106721087.9796617260906080105593029
1645387813,40445698.6860209939092346683131204,106476669.9345707015172932855535324,106476669.9345707015172932855535324
1645481163,42838770.66617344273878428157618814,98091555.7464861621523889052389595,98091555.7464861621523889052389595
1645572992,42290914.02278173170223805104269981,106579060.2681752302120604450088479,106579060.2681752302120604450088479
1645657069,41646367.05365890137754699694991094,104967019.7315584499919340232348446,104967019.7315584499919340232348446
1645746704,36988446.46364609606672050814741458,90718951.4053099438130809302690183,90718951.4053099438130809302690183
1645832925,34959903.50677164650911462498831967,86103246.20831385733423862680288587,86103246.20831385733423862680288587
1645902369,35077913.79345563588368665495474828,84150043.3825365425941226394510271,84150043.3825365425941226394510271
1646005050,33765318.00708595440818732520804821,89927169.65963712323762855768314886,89927169.65963712323762855768314886
1646077568,33296320.96934721499866683850014786,82665741.3070721388875029547787498,82665741.3070721388875029547787498
1646160868,32738791.33453800994013846605875463,81850375.11402824709795390699500051,81850375.11402824709795390699500051
1646264898,35773410.00763177945393663278899262,86950374.6655495849440235948163788,86950374.6655495849440235948163788
1646351522,35588299.36746241335381690590316434,87977421.74118034901487943756333571,87977421.74118034901487943756333571
1646431222,35008243.27816779497791073579100594,84538128.40285937780856091769219806,84538128.40285937780856091769219806
1646524730,35820570.99477224112286677497019926,85661162.4941028241375634013929376,85661162.4941028241375634013929376
1646594605,36963594.31089820248180214525300141,87366285.50139638499837884803269317,87366285.50139638499837884803269317
1646697165,31623275.79540371250329143273060031,81530450.9404298237061780680519071,81530450.9404298237061780680519071
1646765515,32448439.22075183986356094908669583,83099110.58700365239835265345438745,83099110.58700365239835265345438745
1646869526,32925796.07778194067230440990535336,84264037.7011661334968612090918991,84264037.7011661334968612090918991
1646956241,32412589.37532101125497278688431094,83311202.20051762854901073699428517,83311202.20051762854901073699428517
1647040957,32333613.95641087113772976220895599,82370186.13056333859012323844083937,82370186.13056333859012323844083937
1647121687,32614871.00615002631661266673395745,82605326.77315061330746177034110737,82605326.77315061330746177034110737
1647213627,35355175.16986660967151123317093509,85500109.4545038240278141784602122,85500109.4545038240278141784602122
1647302391,35492858.74676159124895324487435832,86043307.20111117190901144816044792,86043307.20111117190901144816044792
1647378370,37417643.57692465801089054258367271,89293383.76476228265207807632416098,89293383.76476228265207807632416098
1647474969,40952040.51019827056916220548894984,94084347.32505193754573939280433322,94084347.32505193754573939280433322
1647547407,40165873.33177506422972128912488718,93407299.2066984725579634040659449,93407299.2066984725579634040659449
1647647102,40539587.79996798742029177766598732,93890776.81077351670206275262986471,93890776.81077351670206275262986471
1647721693,40667298.79832805548206066336050394,95793090.38179617776607202566650753,95793090.38179617776607202566650753
1647819010,43182266.88933746942317692868776232,98564897.30211842364853056358920905,98564897.30211842364853056358920905
1647907166,49792414.83867718364944751096755896,109654010.0404058082544139145785657,109654010.0404058082544139145785657
1647993584,69256528.24172914741310354242680155,144192144.2682600271058129837230981,144192144.2682600271058129837230981
1648078495,84795572.38547617755121841218227499,161917300.5104365279265132572493774,161917300.5104365279265132572493774
1648166024,91053711.55276515459799727774121427,172081231.4412485939672641346528517,172081231.4412485939672641346528517
1648245039,96743770.96474077747720597841392222,177060348.8031363901743606777644365,177060348.8031363901743606777644365
1648337931,98627095.24402463131026782654476383,177713763.9041176509467799014064625,177713763.9041176509467799014064625
1648425454,104041993.6830239094216268128869174,185792988.3763683762776245025202173,185792988.3763683762776245025202173
1648511789,132805755.6183709159677499705829412,218425110.0165457088695321067776662,218425110.0165457088695321067776662
1648598354,191843244.7029466360025069826326504,279745899.101761724459703324352836,279745899.101761724459703324352836
1648684332,219993385.6542434573532832861913548,312271070.3680506437316156296541606,312271070.3680506437316156296541606
1648770397,211403171.6499463448624266894855625,303814512.9790498608038085116166994,303814512.9790498608038085116166994
1648856641,253103073.2904527217894472203559644,355971772.0356323201351536116028635,355971772.0356323201351536116028635
1648943180,257114225.715653325257730716205244,359223897.4497986828768412212042288,359223897.4497986828768412212042288
1649029559,307576725.8468269498328573116150281,412383479.6664588326752529753006755,412383479.6664588326752529753006755
1649109455,313923216.8402898714065456164327774,425401632.6647332229109097913299432,425401632.6647332229109097913299432
1649203180,294182186.1257646531180749513489157,398028654.6254676171346990005249756,398028654.6254676171346990005249756
1649287631,285218597.4107530385604921207318154,385192727.5475902931141191840555034,385192727.5475902931141191840555034
1649375950,311563390.1857965757918478634861284,417446632.0825408555114065550160281,417446632.0825408555114065550160281
1649462049,325341536.5051609424020756979141874,430501318.4532167258970595155326613,430501318.4532167258970595155326613
1649548795,333412267.5482586692501111445748155,439167302.1207050968334701981160666,439167302.1207050968334701981160666
1649633281,333845155.2300715810268296400229023,438438066.4010706688199789201740051,438438066.4010706688199789201740051
1649720558,326888175.3867006130921122228858827,430922293.1179473468872979844197671,430922293.1179473468872979844197671
1649807818,355608802.6635711659806173170354884,466379529.6874983481775314783687162,466379529.6874983481775314783687162
1649892218,336671108.862521130520035051702511,448785404.7079732677580007366697807,448785404.7079732677580007366697807
1649980749,334530489.0652139029584210068437966,446485010.2134107732091079435966059,446485010.2134107732091079435966059
1650066985,333494633.6943225544729343779211542,450785141.2889581798464135139354202,450785141.2889581798464135139354202
1650152907,335308670.7000429079601620659257657,452303973.4907890074617725297909457,452303973.4907890074617725297909457
1650233359,301226094.930835838481723432660841,418750298.2497235563467601781801687,418750298.2497235563467601781801687
1650321725,318879841.2078315697376587662861277,437582330.9172091890667878621557743,437582330.9172091890667878621557743
1650411987,308675401.7473763810599256280064212,421537090.8569586437630744015585714,421537090.8569586437630744015585714
1650497219,305713922.3306110913004247952341723,411356548.1948374217358669057957172,411356548.1948374217358669057957172
1650585212,305233010.7761378848208040283532111,408485451.5982997311135283745281093,408485451.5982997311135283745281093
1650667923,298817702.3884558801295620110099555,399263759.686940450538358083731053,399263759.686940450538358083731053
1650753625,292850658.4716569455199691674070842,393052957.642627657882860787431882,393052957.642627657882860787431882
1650841768,270724561.7405193195960214145508962,369084750.6232730321332394053771962,369084750.6232730321332394053771962
1650929579,253373033.077524831115502319144274,348778501.7291128585447186260216204,348778501.7291128585447186260216204
1651016363,249616743.9443008461580148425256728,340926863.951439433535748197250696,340926863.951439433535748197250696
1651071197,252184574.9658017152692397250227923,344220494.1693393453171688944488471,344220494.1693393453171688944488471
1651187742,251548688.8916672722963145998483668,338643194.4110028104760098495042797,338643194.4110028104760098495042797
1651275329,242180418.4994731856786313011634231,324413059.1635329733522049121227957,324413059.1635329733522049121227957
1651362654,219390693.4200870355100911203309363,290918675.9392274560810778503695016,290918675.9392274560810778503695016
1651448400,222329292.5978364062219923895438327,295343175.5220335860985719956806908,295343175.5220335860985719956806908
1651534125,216025941.2190356751968306583249634,290661302.5151452971031091112102624,290661302.5151452971031091112102624
1651618416,216133409.8005263863187642486263323,289452574.8184215560645365983411763,289452574.8184215560645365983411763
1651707621,214581777.8610142743091185345807346,289622809.850827592132761636321583,289622809.850827592132761636321583
1651794394,207948864.0011895331347248565278876,280240992.6527321090444483261398452,280240992.6527321090444483261398452
1651880253,183312511.7539010797837143119573495,254639185.8061477974814707728471215,254639185.8061477974814707728471215
1651967944,185336208.8093157530472736531421901,256165052.3415165337316108980590957,256165052.3415165337316108980590957
1652054212,196088835.5438692298715419089998963,270124880.2499851025250574109390802,270124880.2499851025250574109390802
1652137276,159111534.0137587637725909079396253,229657401.9308398695243583461102015,229657401.9308398695243583461102015
1652226490,169945001.0570530304033491207890868,242920212.6714059314535442173385196,242920212.6714059314535442173385196
1652313506,172522808.2417032820811445942608341,240606315.4504663531535685547593479,240606315.4504663531535685547593479
1652399337,138318245.2290391902406352356499494,207446972.5107246874307998355713677,207446972.5107246874307998355713677
1652486070,151270206.9888023390055558306404666,228601847.8832982693698310626124148,228601847.8832982693698310626124148
1652571898,157311543.7604794759840362528801828,237797831.7527188907358864042772444,237797831.7527188907358864042772444
1652658703,163487065.3906801016269023889251008,245343572.3398710660933078079078865,245343572.3398710660933078079078865
1652742041,208858237.002329872373081900510295,289095885.6270316867282618395058292,289095885.6270316867282618395058292
1652831665,212383467.7112423572813898897054156,310043956.6356673184279235198446195,310043956.6356673184279235198446195
1652914767,182113981.6280740048260232199662486,276927547.1022907600572426395743317,276927547.1022907600572426395743317
1653004192,187513316.0315905116825404759037532,283436674.7630708484706411341107534,283436674.7630708484706411341107534
1653087073,184099129.3432993856694544011809782,269582767.6373774933853348676189476,269582767.6373774933853348676189476
1653174185,201784358.6432168791420289047062685,287593754.9512642265000000326148889,287593754.9512642265000000326148889
1653262422,202745403.9412119573108035007559937,292393580.4858379554469619798904956,292393580.4858379554469619798904956
1653339070,200562233.8995279912858213789817949,288784306.1740829338504579131085998,288784306.1740829338504579131085998
1653427180,199585198.9554778106860229877129032,287362361.4186238497102523755027849,287362361.4186238497102523755027849
1653516975,218848482.7077681059949282156616171,311965130.5374274868286575002020043,311965130.5374274868286575002020043
1653608391,193117318.9285572400174503714513398,276539254.5217862083364378900542225,276539254.5217862083364378900542225
1653695109,189407380.1363094378329586174578276,270161878.05669152509861778957769,270161878.05669152509861778957769
1653782247,195979226.6676922101189571962733127,279512602.7701389920698870429987043,279512602.7701389920698870429987043
1653868326,196721906.9780525639651719657485802,280785376.0834390569961200422105424,280785376.0834390569961200422105424
1653948855,202136671.4748020304352568794257493,292126812.8157479011012740172901445,292126812.8157479011012740172901445
1654040379,198986498.722458151965202251800565,290666641.8003388008916082946166705,290666641.8003388008916082946166705
1654126260,197127768.4975145892015925975853842,285178981.8819873398845986399808312,285178981.8819873398845986399808312
1654213378,196691315.5048561375438180460843701,287377885.068579417473350984471706,287377885.068579417473350984471706
1654299034,204708956.8944409731519822985269895,292755915.8330165297054435342418775,292755915.8330165297054435342418775
1654386994,221648605.0947381120284975209391349,312619920.3808409170856150525740617,312619920.3808409170856150525740617
1654468129,238605980.2052987327388961280964649,456276375.0147481873555992384437021,456276375.0147481873555992384437021
1654558866,226573467.2138244430556078820796632,449149681.5736482280531635232641291,449149681.5736482280531635232641291
1654636874,228784617.455229330016490014065071,451484897.0489536418867610518795366,451484897.0489536418867610518795366
1654731216,343828933.4363466273829884551960866,600129177.2965223860243279199978718,600129177.2965223860243279199978718
1654818671,331841571.8851029750752392014344992,596012226.6946257192406192426931491,596012226.6946257192406192426931491
1654905325,353059316.2924700648481916337634971,617210729.4892646503235106247677239,617210729.4892646503235106247677239
1654991607,323658689.5475202855705192385781658,587295895.9162995843980614215503065,587295895.9162995843980614215503065
1655078177,318279025.2059121386276990846241715,574043499.7858772271529210630460502,574043499.7858772271529210630460502
1655163917,273311586.4121309904843452509364497,499563641.9650310207163146267775539,499563641.9650310207163146267775539
1655250536,273491365.9511133415368010194658474,503022965.8723923147560721002360209,503022965.8723923147560721002360209
1655336632,263326786.5446120807693945666426622,491607647.0835775936714905114162799,491607647.0835775936714905114162799
1655423130,242413041.8841667141547479757239548,457090578.8459986072652751827931089,457090578.8459986072652751827931089
1655506895,244744714.7244320581201730900000304,461214219.5798295311229637268459359,461214219.5798295311229637268459359
1655595484,237282080.1293503480023253561960238,445336834.1451038494296806382833719,445336834.1451038494296806382833719
1655683117,249407475.3511072763875562651711599,466775631.5567475053125891544117448,466775631.5567475053125891544117448
1655763014,250353535.6742267439560841925147807,470073187.1215624072146310430878775,470073187.1215624072146310430878775
1655848817,264762401.2804607394660155972088667,487520618.1157630864149130846051184,487520618.1157630864149130846051184
1655938431,269318982.905746239784066582651867,493205902.7899654923278681925634599,493205902.7899654923278681925634599
1656028443,279350990.9577461604199750885629693,516966868.3912392666336014917173986,516966868.3912392666336014917173986
1656114177,227647173.5116517115741073347289294,474803738.5221385718451220963807921,474803738.5221385718451220963807921
1656197589,228003914.5154081795337322220241392,475704593.4291007024008290989051316,475704593.4291007024008290989051316
1656282097,215802000.8820033259523358401298139,463039002.1809763409375248367684714,463039002.1809763409375248367684714
1656368645,158843069.0751260202238497488575249,401164228.7479926151265018930347759,401164228.7479926151265018930347759
1656456894,136314713.2473559873549146215334606,357798723.284445075868254786458998,357798723.284445075868254786458998
1656546399,131505588.9042562583311529991043926,344409404.1718451933463414950132484,344409404.1718451933463414950132484
1656627381,120006601.1521539221287307390601803,325503333.7832039828586514142029865,325503333.7832039828586514142029865
1656718760,140442826.020116363031753095104582,351373429.7678106098973937330022293,351373429.7678106098973937330022293
1656805202,144417267.1696600565004766663526932,352584759.2669197687545593562282915,352584759.2669197687545593562282915
1656892086,142418062.574918709262165413868697,351139626.394043190988767949372329,351139626.394043190988767949372329
1656977609,159262888.7425649524238406481423627,375905072.6972328292827387612780779,375905072.6972328292827387612780779
1657058297,149875961.3242165981480378835191341,364745399.6600313494199898306553845,364745399.6600313494199898306553845
1657149009,151465994.3489512969899963220731106,368928930.582649996049735770970499,368928930.582649996049735770970499
1657236717,157707726.5734369142944159686723254,379408116.5618583834123261812715934,379408116.5618583834123261812715934
1657324335,154012227.3861316636980028703420608,364515847.869614956288797579123366,364515847.869614956288797579123366
1657411170,156738353.2024620937375702855243429,368779051.1163593972153735109362511,368779051.1163593972153735109362511
1657497465,144060443.380258325348566685128341,351644818.7198654655178291795142621,351644818.7198654655178291795142621
1657583669,143019553.716170739782242755015625,345155340.6195283148948551893697544,345155340.6195283148948551893697544
1657669799,139832548.1082068714682029172632305,336130944.1312323631351849014300226,336130944.1312323631351849014300226
1657756662,122979768.7867757111812535946689624,324739286.1084583003068974795127507,324739286.1084583003068974795127507
1657840901,130648383.9724718000381484911602286,337859036.1944086592379739889786133,337859036.1944086592379739889786133
1657928124,131928803.1550479735564709683761182,342219746.4014410874924133199803005,342219746.4014410874924133199803005
1658011415,138319153.2104881887936098735722576,356108233.3025058737631011828647196,356108233.3025058737631011828647196
1658102040,126581319.3471377338795099517614102,338504877.9299552972284578222938999,338504877.9299552972284578222938999
1658187704,136129496.5619950858894790222571954,361846260.1987237676027362430570476,361846260.1987237676027362430570476
1658274219,142937378.6071186999576106348303662,366822472.2485400607740303792523267,366822472.2485400607740303792523267
1658361382,136012734.2414860737881405992149528,356204435.5548936992458603943272796,356204435.5548936992458603943272796
1658445676,143384217.6443213055086958039238351,368044328.9272693079009980454108998,368044328.9272693079009980454108998
1658532899,140884218.6576415593467320730994426,362040844.0496305079124809118006376,362040844.0496305079124809118006376
1658620423,135418369.8264794490928218305337227,356521839.0555229584758668111382126,356521839.0555229584758668111382126
1658705293,146399164.7048508775782631146117747,369944596.6397472130644107376395368,369944596.6397472130644107376395368
1658786829,136259912.214230870668209692825123,354101960.372443060139580923655476,354101960.372443060139580923655476
1658877929,128517582.7417400939850112772630381,333765523.7793088279523292836639019,333765523.7793088279523292836639019
1658962091,154368382.8055864553368715278723548,380471201.6952350095244643538938031,380471201.6952350095244643538938031
1659052018,159756714.5440965215913391571260667,392640425.3924731239522482545465398,392640425.3924731239522482545465398
1659137463,166604650.2663652761477888448917846,402866415.3327456050200218450092158,402866415.3327456050200218450092158
1659223454,166899800.7745923594700142135290248,401349094.2707276291172482315159221,401349094.2707276291172482315159221
1659311538,166088803.1091663926487561036392816,401616171.0546189866135568036715032,401616171.0546189866135568036715032
1659386004,156295381.3646078128824223080735464,386781973.395456906787769200177831,386781973.395456906787769200177831
1659480603,153275484.2096187707737204010130038,385607652.457364081288841635836581,385607652.457364081288841635836581
1659569993,156189916.0230213102526446331043399,385673624.6812189314963395984334509,385673624.6812189314963395984334509
1659656838,155212188.802338722771677634147582,373100973.0162462657055067311800187,373100973.0162462657055067311800187
1659743767,167040339.4566455165477412311525741,382234882.2163540275143568532448512,382234882.2163540275143568532448512
1659830001,167237020.6640299313837976449041847,380334826.2035158470293103231797234,380334826.2035158470293103231797234
1659915952,165268007.1972019906213559966368103,378617699.5078559357288102088778132,378617699.5078559357288102088778132
1660001733,165045473.0237156635377668973663253,381413233.6921913771849517706072731,381413233.6921913771849517706072731
1660082933,164742071.1782128822412595203068832,380433622.0903586686346631180648304,380433622.0903586686346631180648304
1660175717,172507276.8404247173326124037442877,399495545.2254021788359904716459171,399495545.2254021788359904716459171
1660262360,182043595.0499814367059426568495564,409986696.8235627062123339071105204,409986696.8235627062123339071105204
1660348783,186186213.8572074278512630921879947,420326589.8992313633995935084579753,420326589.8992313633995935084579753
1660433522,181375045.0640601840659210891824454,414545975.7517287550355630419264919,414545975.7517287550355630419264919
1660518114,178495628.4353746265031780710609985,408266292.6847765786821500046044669,408266292.6847765786821500046044669
1660607932,170209100.5644018062966084303406291,397727957.164458218610830859896382,397727957.164458218610830859896382
1660693412,171467542.3139951995891627816200907,398322656.8873349543356182801535603,398322656.8873349543356182801535603
1660773336,170141739.1573409802095707826456838,413104444.5872112799329894605192748,413104444.5872112799329894605192748
1660861695,172792818.2013547411588621087035614,417805267.0123278785185907722054766,417805267.0123278785185907722054766
1660953500,160618708.8910096041273934396384943,372486832.3565595458094680040589059,372486832.3565595458094680040589059
1661039611,158124321.2127912844856748965000284,370154626.6779885976143884767378002,370154626.6779885976143884767378002
1661123498,160274366.0058218459710100338918918,374615227.6661979945861310684468345,374615227.6661979945861310684468345
1661212032,154753977.3650873818628308742097523,367319203.1138431394938989498404598,367319203.1138431394938989498404598
1661298119,169323779.376482192156495822339941,386792937.8312783039539444495196825,386792937.8312783039539444495196825
1661383433,169217687.2653595210151405576977748,387054855.0200790607388532312205684,387054855.0200790607388532312205684
1661471618,187979648.1353862872620505061174299,406910033.447570446174651185819896,406910033.447570446174651185819896
1661551494,180312453.1923185126615219007490293,390087738.0573902204811488818548438,390087738.0573902204811488818548438
1661633875,184621256.6164344413538677447520746,392898290.8143757095934759348633881,392898290.8143757095934759348633881
1661728599,183971452.9016920316196444945395727,391140663.5267323514237117011977533,391140663.5267323514237117011977533
1661813020,183861285.1432282781243263503746319,397956520.6759088547654341907702367,397956520.6759088547654341907702367
1661901637,182740454.101112934308771593090733,396402196.3774548386789037382866848,396402196.3774548386789037382866848
1661986824,189962428.1981110763957929755723055,406871639.5615876376741243035673734,406871639.5615876376741243035673734
1662074818,189016513.2808400229668373143193597,401558516.3256640911480216146027229,401558516.3256640911480216146027229
1662159884,192543314.387534914342112365179964,428513249.2689324717105079928146082,428513249.2689324717105079928146082
1662248891,191813998.797561242593034036754227,425688233.3123688714352210140811262,425688233.3123688714352210140811262
1662331191,190864021.5342732638544596925758322,433986217.4153796882517796423749171,433986217.4153796882517796423749171
1662420717,200948652.992216723341924957294424,442972900.3979651430380776079595995,442972900.3979651430380776079595995
1662508771,261855256.8570831657191268257910294,500996954.2716023929612246822404473,500996954.2716023929612246822404473
1662595058,235684162.1088970411289256259691908,475829041.6893377244389809538954716,475829041.6893377244389809538954716
1662681217,255148688.557371242996817953285319,496618252.9273259971802963080865964,496618252.9273259971802963080865964
1662766036,259849344.7260056342231710318140705,513923621.8810810264604495459264794,513923621.8810810264604495459264794
1662854064,223586719.2043422227183302822002983,490866218.478803489016363996409301,490866218.478803489016363996409301
1662938628,213792931.8976504960902526596696177,445166730.5817090393089533748472638,445166730.5817090393089533748472638
1663024099,195562180.946873438508545033546599,425768216.7350346188354269467010028,425768216.7350346188354269467010028
1663113164,195317880.1535980170429098455116856,410079332.7473848850969482368864725,410079332.7473848850969482368864725
1663199345,216118244.1109773023569284687550656,438442769.97756396403888353173978,438442769.97756396403888353173978
1663285187,237064900.5629940014980552915717838,489018063.9328074935829394177534334,489018063.9328074935829394177534334
1663372739,273630605.7551468505919829421693368,537982200.0361839545934006687544036,537982200.0361839545934006687544036
1663453295,281820863.2244800486141178511089258,549860419.6540224354481347349125808,549860419.6540224354481347349125808
1663542251,272600332.2308301114866520660198033,539301849.5825315410334821915369818,539301849.5825315410334821915369818
1663629479,274198376.9317044177618856384834863,547802288.9823705958308679472691139,547802288.9823705958308679472691139
1663716131,260541356.3860585157588606898314151,530689262.1670685739993807084583697,530689262.1670685739993807084583697
1663804319,253926163.0368801909874793949857346,519106984.0620076210149788464403185,519106984.0620076210149788464403185
1663889579,256902137.0265423807430202891988635,526549912.0967380201985441296378966,526549912.0967380201985441296378966
1663977251,244463673.1535533315324967829744149,511791068.3229994548907677292965924,511791068.3229994548907677292965924
1664063759,240610770.7411103432601912649534436,501870053.8570518166528070077186291,501870053.8570518166528070077186291
1664150387,251485194.8314122985963379756340024,511343295.8032424950829414881668285,511343295.8032424950829414881668285
1664236715,256097246.8069729489916613924940432,521587823.1903616211192903078577944,521587823.1903616211192903078577944
1664320571,252770388.6798835525262489034919481,516361026.0284421896254620393809512,516361026.0284421896254620393809512
1664409203,269251103.7646610860423713468523029,541659439.0827847801603035379829187,541659439.0827847801603035379829187
1664491079,269610359.2026279576109463662656406,542562907.0445877378767364685515388,542562907.0445877378767364685515388
1664580839,271211134.0239793881754218684892844,544070647.6851059981858441150051486,544070647.6851059981858441150051486
1664668307,263664019.1990082074032412609188824,535159424.7439513943701124779306105,535159424.7439513943701124779306105
1664755079,265270899.4619731536032236402082677,536876768.8650292199486963282945974,536876768.8650292199486963282945974
1664841491,262778004.9433916754025825825107301,540578116.5573403623334164220548092,540578116.5573403623334164220548092
1664927819,263465917.938991731466650037909518,546085578.436034528933032442351378,546085578.436034528933032442351378
1665012383,261991177.3439880770517734193043315,545188656.5943662393102226121954646,545188656.5943662393102226121954646
1665099587,262929041.6439726174505528234740722,545995747.7896178817560204650426012,545995747.7896178817560204650426012
1665185675,259897640.3698116710706765912105267,539875002.6130729065916978964667071,539875002.6130729065916978964667071
1665270611,259951375.5881847680030627453656324,538786181.6222952362258884991165977,538786181.6222952362258884991165977
1665359171,247328468.162709573783004124262001,529143163.2194844731872584490715779,529143163.2194844731872584490715779
1665445667,259153004.9874761748371740159900773,538836327.708557736959053363881314,538836327.708557736959053363881314
1665530663,257711132.5708605211493576595061512,536383975.0872402854220271432197701,536383975.0872402854220271432197701
1665616547,245338002.5860645685587449827752703,524896522.7460885666449275397254298,524896522.7460885666449275397254298
1665704951,246880399.7835505282779633537025358,526173416.7426576042889530122250173,526173416.7426576042889530122250173
1665783383,247061477.6445788095196988787473943,525490695.549426315234817825010679,525490695.549426315234817825010679
1665877295,244364923.4609593919478601288021804,521963996.9753185064220399512148695,521963996.9753185064220399512148695
1665954227,247444993.8108285270278793054695433,527592184.3181917867380055149424871,527592184.3181917867380055149424871
1666049603,251631029.1518979707480422020036431,536001860.9309390887434883470589538,536001860.9309390887434883470589538
1666136303,277386849.3920680820489336214702787,581725193.3407827444686862431759874,581725193.3407827444686862431759874
1666223903,278788809.2657123427201594978356285,581500592.7509450444630637856190851,581500592.7509450444630637856190851
1666309859,280244053.8466583787529020073596826,583431804.476176751779684675647985,583431804.476176751779684675647985
1666394531,285162732.0397059710771450639141954,595984981.1996545191192904849233653,595984981.1996545191192904849233653
1666482983,283539666.6274151455360874172381705,594571776.5904499187454866152364781,594571776.5904499187454866152364781
1666565963,288473691.8609501842684653755806312,604254337.2732619898852872409976392,604254337.2732619898852872409976392
1666655279,257064388.6252992632579088369132134,554449361.438692769349218465320742,554449361.438692769349218465320742
1666740719,286308944.909986005949887836628414,583706520.5043695157731927775449139,583706520.5043695157731927775449139
1666828091,294026906.066046368290367903204019,597857763.3745878857958458780284962,597857763.3745878857958458780284962
1666913651,299444251.4269855985831049434271654,596820464.7014203409096956354569943,596820464.7014203409096956354569943
1667000243,316507566.0039655726334995241173768,623750590.8084087145913207014001262,623750590.8084087145913207014001262
1667086667,316948393.0484565297442178428036685,626725687.0796589826794466379245234,626725687.0796589826794466379245234
1667173655,313489002.9506886022646677993976666,616552667.1980680657680733541891946,616552667.1980680657680733541891946
1667260007,313367356.2867184585026722448753285,615731150.5461139154249427876780365,615731150.5461139154249427876780365
1667347103,314679270.7404174334085688171184997,622368433.563536907221236534445188,622368433.563536907221236534445188
1667431895,324324106.6471467753916621159357054,628501847.4193616627467328562231934,628501847.4193616627467328562231934
1667519567,339666632.5355338385426460684215273,652850429.8805089037918422150588291,652850429.8805089037918422150588291
1667605355,354777250.1335296354438802846362865,678365123.7788884769179170269566561,678365123.7788884769179170269566561
1667690519,347958944.8313994501595307948313364,684000009.1364976331838093744400909,684000009.1364976331838093744400909
1667779187,348251919.6418011467000878536804429,648286143.2709404487713262211745564,648286143.2709404487713262211745564
1667865563,304050311.9835760219278744357290096,530597590.5846732776042346245525176,530597590.5846732776042346245525176
1667951807,219900781.9999600166340270274866784,414154031.0593226373711197072695799,414154031.0593226373711197072695799
1668037727,177836206.440905948434331736829134,314014646.0068155661320431917098385,314014646.0068155661320431917098385
1668123539,211231040.5765417784746578056765476,390588653.629159871104294407309611,390588653.629159871104294407309611
1668211091,206911872.421577749181975779998241,381071850.9127276783749455933236359,381071850.9127276783749455933236359
1668297575,193030587.7610541220409716435467268,337290163.8251171264948632536843074,337290163.8251171264948632536843074
1668383999,186161083.8585466663403755454625273,325635017.5858661956000168638032283,325635017.5858661956000168638032283
1668469055,177801893.7197809403033492125797178,306933340.9180331078939048267753824,306933340.9180331078939048267753824
1668556139,178390662.9589040851246678397788055,306848110.763289138424636711871812,306848110.763289138424636711871812
1668642023,170844034.565377263665677317273356,291609762.4799876726917560202741596,291609762.4799876726917560202741596
1668728759,181991114.7442828514748472640276789,306570045.931376241207845364740435,306570045.931376241207845364740435
1668815579,185931818.3056260952995884257234749,318554370.3242359349266305189418578,318554370.3242359349266305189418578
1668901835,186874050.8898278258091913418929403,318671720.2724011814852324019121203,318671720.2724011814852324019121203
1668988103,183940519.6250684318479511200548288,312270116.3468199480685797909537688,312270116.3468199480685797909537688
1669074167,181667141.1629107787566813009027666,307394618.0239715354530368266554727,307394618.0239715354530368266554727
1669161407,177914298.554306449339257955672064,300394334.539149644444802106398515,300394334.539149644444802106398515
1669246079,191337758.699239062134674936976638,322594736.9120928802112507749466559,322594736.9120928802112507749466559
1669334267,202640649.5603539689722230723382568,333968176.7435802106374749388139384,333968176.7435802106374749388139384
1669419491,219720190.8028416110268689015956898,377959413.0333070329936910238401088,377959413.0333070329936910238401088
1669506779,220268769.9371047205226740673676857,376038273.1132484117361363342050961,376038273.1132484117361363342050961
1669592279,223696589.7253616297020625796417403,380708838.5210821966010993965209902,380708838.5210821966010993965209902
1669679915,226140955.148577303033089381621259,375047584.4396612453134821456161591,375047584.4396612453134821456161591
1669765895,237492367.6562118347138792389393881,393405854.7365971024295124319985698,393405854.7365971024295124319985698
1669852703,245185125.8330712481024191331105588,413417565.6307872728849315006771135,413417565.6307872728849315006771135
1669938707,260561675.5213354464284952939094147,435865344.4665978768503702288086942,435865344.4665978768503702288086942
1670025599,266374744.2799846729048782629214267,442271545.6237606334456314324886359,442271545.6237606334456314324886359
1670109695,270521490.4171334850610536325796153,445430980.8037485038349973140247744,445430980.8037485038349973140247744
1670196479,276913637.0694957081711057193846981,454243264.7553241276791929077338501,454243264.7553241276791929077338501
1670282327,273369581.388339205698694671465336,447144717.595341909974546629407693,447144717.595341909974546629407693
1670366771,270510707.3362233469747988558746247,442996645.2448090597976609606509207,442996645.2448090597976609606509207
1670457479,239877083.6208617410145933959301157,434925086.6139307520043874356103528,434925086.6139307520043874356103528
1670543747,233929352.957955571438102591910878,433884553.0788693248300836825528093,433884553.0788693248300836825528093
1670630087,190458562.4603719618422006072677376,385966045.727764479057344865449591,385966045.727764479057344865449591
1670716499,190897691.6134075188863602525990591,380288842.9202696556324592314242989,380288842.9202696556324592314242989
1670803199,194562073.0088094251054379978401045,383176112.4709219732410273940991717,383176112.4709219732410273940991717
1670889083,169111760.8073595169413772984075885,358526861.6632966665953081248157617,358526861.6632966665953081248157617
1670975759,169557533.4399786509916504379538128,351021367.2936989714894293002595791,351021367.2936989714894293002595791
1671061523,169904565.9323559172133785063097277,346595771.8250079863690143960744559,346595771.8250079863690143960744559
1671148427,165390337.245705529312975045724285,338780722.4944156085377507844790646,338780722.4944156085377507844790646
1671235031,160086818.0748026578291879819858727,322449582.9703840594735585546852448,322449582.9703840594735585546852448
1671320243,158475887.3640051756800256998661882,324438419.7132830523224012386874259,324438419.7132830523224012386874259
1671407459,158812976.9133066838558550528784335,330159414.6437158820022375534192398,330159414.6437158820022375534192398
1671493919,159640357.0922379651146715018796771,334962903.4602253450711101054291069,334962903.4602253450711101054291069
1671580451,172104175.466846645161161916514189,353130096.195718490688429802229242,353130096.195718490688429802229242
1671666599,158726414.1469266337866823103252738,341499178.8487053331100493452878206,341499178.8487053331100493452878206
1671753203,160512974.284797605087212685386667,343420610.0149245838831053349343796,343420610.0149245838831053349343796
1671838667,155970631.5104537636142287683495187,341264493.7097092168319642294476331,341264493.7097092168319642294476331
1671926219,157905086.1525227350523408296123683,344186556.6483226389946737476386016,344186556.6483226389946737476386016
1672012319,157789061.4189957010039424036027296,343301775.3132621593150084590524658,343301775.3132621593150084590524658
1672097675,163020119.2361246390691320678116167,350467741.0812442648096560760166004,350467741.0812442648096560760166004
1672184903,161299260.2382629824003006245729651,347836118.8376069695697296247131683,347836118.8376069695697296247131683
1672271099,160188886.7258234936994260850280803,344877321.4589955480167699070422982,344877321.4589955480167699070422982
1672358363,137465580.3900582673488535661887531,311090422.9577620259846674137661982,311090422.9577620259846674137661982
1672442903,137208561.8812203542202509061083246,309773621.7811096074728429293863851,309773621.7811096074728429293863851
1672529963,138980281.3535345146449681865656317,314038967.0897556004671216263006643,314038967.0897556004671216263006643
1672615883,140348005.5668164098419467189357392,317420154.0391605628184937368376031,317420154.0391605628184937368376031
1672703843,149159435.577743874191153278388671,336034453.1378963461443015526414802,336034453.1378963461443015526414802
1672789955,136875927.3792525512648145836775479,324771624.0466515742323504071372937,324771624.0466515742323504071372937
1672876583,142561924.6931558416301816761815765,335644715.3608720863136001322169917,335644715.3608720863136001322169917
1672961723,137554191.358793509129309864064123,332243934.5296452178506676185369137,332243934.5296452178506676185369137
1673048507,146259412.8017200295282296667678579,341168478.2601074211916865274083701,341168478.2601074211916865274083701
1673135783,147879511.3638542066618468962097419,344641877.2795069870718848914007525,344641877.2795069870718848914007525
1673221583,138551714.170705345773272861407045,326927199.2722136330305380644290417,326927199.2722136330305380644290417
1673307647,144320381.149519873305729132236398,330229667.0478333907250720650168705,330229667.0478333907250720650168705
1673394995,148338206.2359692887111193189705911,341804452.4253905631634106869099716,341804452.4253905631634106869099716
1673480735,150265901.0207832411604741482862249,342945205.6768217782420811479498315,342945205.6768217782420811479498315
1673567831,161233954.8998614141881119460443222,362074188.7665193576885711258227678,362074188.7665193576885711258227678
1673654123,161536807.2161290834790199697266809,362084392.5397332008295939096798321,362084392.5397332008295939096798321
1673740139,173621876.4220852651551001295429988,382396564.1650060151617387986182698,382396564.1650060151617387986182698
1673827115,169817541.3293510860702442548234941,375589058.1116797365975221914803085,375589058.1116797365975221914803085
1673913491,178426421.1653485669799809063327731,386408873.7623481214643217745690852,386408873.7623481214643217745690852
1673999699,184029653.091215964327497934014661,397527263.0659051198681536245717759,397527263.0659051198681536245717759
1674086375,180018469.800905238768611423178142,402218669.5152221023312113273259232,402218669.5152221023312113273259232
1674171599,184122343.4647899576376335389500844,411028064.7499967495002749403374674,411028064.7499967495002749403374674
1674258731,193142898.7062821689655915427647948,429156540.8852110648745421502212452,429156540.8852110648745421502212452
1674345575,191486267.5736811769958747874508138,425080024.1387562434676281320357657,425080024.1387562434676281320357657
1674430871,187537832.1602245379771275003712643,421897180.979614661774913701767513,421897180.979614661774913701767513
1674517895,191490122.9547301326260319801362243,425499301.2493326203521726050792817,425499301.2493326203521726050792817
1674604487,184715442.2826619186315099976508165,407566355.5565651420558717027838621,407566355.5565651420558717027838621
1674690947,187875995.2999484890452616315260818,416044455.2048416741455639599687334,416044455.2048416741455639599687334
1674777167,187391731.2506832903257371806435391,414035365.2986503490227057477714159,414035365.2986503490227057477714159
1674863891,188579843.254897552827797119126275,415046115.2051529198172803532188769,415046115.2051529198172803532188769
1674949103,200798364.8438795479284493956240898,427336036.5383381452450011136247683,427336036.5383381452450011136247683
1675036511,203712228.5637595697410613168079347,436257311.6136297286927464898151983,436257311.6136297286927464898151983
1675123151,228082214.8250938240679978154797539,467610062.0477930816413823301742517,467610062.0477930816413823301742517
1675208483,212996430.9077176010120390268083877,457185751.6810848363861796861733816,457185751.6810848363861796861733816
1675295927,212260514.7493028000798103158944317,463924465.6238205882658959760312908,463924465.6238205882658959760312908
1675376399,232024847.8074083862117833455523309,483170907.104754095798067130901987,483170907.104754095798067130901987
1675468595,236469161.8820863883069977921137381,489677413.2668785286916673166325038,489677413.2668785286916673166325038
1675555199,234580642.9155324263100620742090332,485277370.1878647509672524953941289,485277370.1878647509672524953941289
1675640147,233100543.1944815623571189548305277,476708371.392612134241033137632579,476708371.392612134241033137632579
1675727627,246776076.6006547918176713992627594,495158060.3474152236211482420893769,495158060.3474152236211482420893769
1675810763,251575345.516983587997347571972706,504187567.1750265085463508750755648,504187567.1750265085463508750755648
1675900115,260323946.7893361091726815718774625,511758755.0653180194671715295301197,511758755.0653180194671715295301197
1675986215,247740009.7427718246715081248223836,517314612.2012069408745968586411948,517314612.2012069408745968586411948
1676073179,242356741.8721875367795217388560278,507606594.1509438006105556994394145,507606594.1509438006105556994394145
1676157599,250043623.3166563365549794745771783,519071495.4545954166272011062221828,519071495.4545954166272011062221828
1676246039,247449439.1684933565221934927756664,512987129.8741720842307152147519359,512987129.8741720842307152147519359
1676332763,212709475.4924712355186745700014643,466594074.1337598869426747350229992,466594074.1337598869426747350229992
1676418383,221009584.1653598376997851505370469,485422100.7024312225416439179115094,485422100.7024312225416439179115094
1676503895,217806241.4801820037783384730777645,478255220.9591965177223771768124356,478255220.9591965177223771768124356
1676591171,217005803.1745761870452131877652188,472718399.4580414677834946820470509,472718399.4580414677834946820470509
1676678399,229743214.3974219479309309176661203,496439884.0298543403022845590611303,496439884.0298543403022845590611303
1676764751,234158213.3098221415447825338543008,510411336.9140761732983893696079075,510411336.9140761732983893696079075
1676849123,230134553.9312727602219254390394044,502238756.5804829238440844029289324,502238756.5804829238440844029289324
1676935715,226094263.2034348260846244935159173,499589786.5035762150892381746879631,499589786.5035762150892381746879631
1677023183,216956571.4041507532660457124796934,492046498.9685846151149889131906556,492046498.9685846151149889131906556
1677108203,225602533.2295623979392458629420178,511975081.755161339987015656419015,511975081.755161339987015656419015
1677196751,227887473.9608859062060022993043636,513838365.3058285234957424492816936,513838365.3058285234957424492816936
1677282515,224609213.6997221408493810964144599,503118163.7560213353635928285206115,503118163.7560213353635928285206115
1677368831,221540166.4250025329708853399863174,494480738.7390512178607654476939657,494480738.7390512178607654476939657
1677448151,224720304.7875024278042064319674039,512364508.4630919345457195176622838,512364508.4630919345457195176622838
1677542027,223830050.9374260158045437973157646,513856431.7000445528126365516778757,513856431.7000445528126365516778757
1677628715,224341661.4339629508608280380227346,513168908.6961850207202076299246339,513168908.6961850207202076299246339
1677715067,231375153.111118217772657750508347,527152409.8795450447031590814212613,527152409.8795450447031590814212613
1677801455,240227064.0248486305298390889760751,549302032.4454995342135760147518665,549302032.4454995342135760147518665
1677885995,230668659.6341637295032164357678129,528001538.7401252779653566420616931,528001538.7401252779653566420616931
1677971111,233084086.947739294949664709159621,529262385.1662977374295959107153152,529262385.1662977374295959107153152
1678060559,237291311.7527172133076328392628672,537467089.0532164106282142309170488,537467089.0532164106282142309170488
1678145555,238912638.632190336136755012908353,551721649.1276711849038070021292704,551721649.1276711849038070021292704
1678232651,245295691.5038412842999193254787455,555173834.5517780718036494737221883,555173834.5517780718036494737221883
1678316747,226325573.6930409929372074747168751,505429599.3891554482437303503693397,505429599.3891554482437303503693397
1678403771,231069483.1101757576074556766968309,508410285.5190183726578781274000495,508410285.5190183726578781274000495
1678492787,213966276.883269867693267567770408,488866296.886422918082472139164582,488866296.886422918082472139164582
1678579043,169539614.6749059569563588338217304,415874626.3314834526173747573137018,415874626.3314834526173747573137018
1678665563,180626454.6400299828481683703675276,441079751.7161778807991409581201788,441079751.7161778807991409581201788
1678707839,175885035.5758139280366094844863299,188088812.1025544492594418200412645,188088812.1025544492594418200412645
